loadcheck,q1@loadcheck.com,q1
loadcheck,q2@loadcheck.com,q2
loadcheck,q3@loadcheck.com,q3
loadcheck,q4@loadcheck.com,q4
loadcheck,q5@loadcheck.com,q5
loadcheck,q6@loadcheck.com,q6
loadcheck,q7@loadcheck.com,q7
loadcheck,q8@loadcheck.com,q8
loadcheck,q9@loadcheck.com,q9
loadcheck,q10@loadcheck.com,q10
loadcheck,q11@loadcheck.com,q11
loadcheck,q12@loadcheck.com,q12
loadcheck,q13@loadcheck.com,q13
loadcheck,q14@loadcheck.com,q14
loadcheck,q15@loadcheck.com,q15
loadcheck,q16@loadcheck.com,q16
loadcheck,q17@loadcheck.com,q17
loadcheck,q18@loadcheck.com,q18
loadcheck,q19@loadcheck.com,q19
loadcheck,q20@loadcheck.com,q20
loadcheck,q21@loadcheck.com,q21
loadcheck,q22@loadcheck.com,q22
loadcheck,q23@loadcheck.com,q23
loadcheck,q24@loadcheck.com,q24
loadcheck,q25@loadcheck.com,q25